Stat,กลุ่มสมรรถนะ (Group),Category (หัวข้อประเมิน),"Level 1 (Crisis)
ขั้นวิกฤต","Level 2 (Poor)
ต้องปรับปรุง","Level 3 (Needs Help)
ต้องการดูแล","Level 4 (Below Avg)
ต่ำกว่าเกณฑ์","Level 5 (Standard)
ระดับมาตรฐาน","Level 6 (Good)
ระดับดีเยี่ยม","Level 7 (Advanced)
ระดับเชี่ยวชาญ","Level 8 (Expert)
ผู้เชี่ยวชาญพิเศษ","Level 9 (Mastery)
ระดับผู้นำ","Level 10 (Legendary)
ระดับตำนาน"
"STR
พลังขับเคลื่อนและการตัดสินใจ","The Heavy Lifters
(STR (Strength))","พลังในการขับเคลื่อนงานหลัก
(Core Execution)",ไม่ปฏิบัติงานตามหน้าที่หลัก ละเลยความรับผิดชอบจนส่งผลกระทบต่อกระบวนการทำงานและทีมงาน (Crisis),ปฏิบัติงานหลักได้ไม่ครบถ้วน ขาดความกระตือรือร้น ต้องคอยติดตามและตักเตือนอยู่เป็นประจำ (Poor),ปฏิบัติงานตามคำสั่งและขั้นตอนพื้นฐานได้ แต่ยังต้องมีหัวหน้าหรือพี่เลี้ยงคอยประกบดูแลอย่างใกล้ชิด (Needs Help),ปฏิบัติงานหลักลุล่วงเป็นส่วนใหญ่ แต่ยังขาดความสม่ำเสมอ หรือมีข้อผิดพลาดเมื่อไม่มีหัวหน้าคอยติดตามงาน (Below Average),ปฏิบัติงานหลักได้สำเร็จครบถ้วนตามมาตรฐานที่กำหนด มีความรับผิดชอบและส่งมอบงานได้ด้วยตนเองอย่างสม่ำเสมอ (Standard),ขับเคลื่อนงานหลักได้อย่างคล่องแคล่วและมีประสิทธิภาพสูง พร้อมรับภาระงานเพิ่มขึ้นและส่งมอบงานเสร็จก่อนกำหนด (Good),รับมือกับงานซ่อมหรือภารกิจที่ซับซ้อนและมีอุปสรรคสูงหน้างานได้สำเร็จด้วยตนเอง (Advanced),เป็นหลักของทีมในการขับเคลื่อนงานสำคัญ แก้ไขปัญหาคอขวดที่ทีมติดขัดจนงานเดินหน้าต่อได้ (Expert),ขับเคลื่อนแผนงานสำคัญระดับกลุ่มโครงการ บริหารจัดการให้ผลงานโดยรวมบรรลุเป้าหมายตามกำหนด (Mastery),ขับเคลื่อนโครงการเชิงกลยุทธ์ สร้างผลสัมฤทธิ์ที่เป็นแบบอย่างความสำเร็จและเป็นบรรทัดฐานใหม่ขององค์กร (Legendary)
,,"การตัดสินใจแก้ปัญหาเฉพาะหน้า
(Problem Solving & Decision Making)",ขาดการประเมินสถานการณ์ ไม่ตัดสินใจหรือแก้ปัญหาผิดวิธีจนส่งผลให้ปัญหาหน้างานบานปลาย (Crisis),ลังเล ขาดความมั่นใจในการตัดสินใจเรื่องพื้นฐาน ต้องรอรับคำสั่งและแนวทางจากผู้อื่นเสมอ (Poor),แก้ปัญหาเฉพาะหน้าตามแนวทางหรือคู่มือที่มีได้ แต่ยังไม่สามารถรับมือกับปัญหาใหม่ที่อยู่นอกขั้นตอนได้ (Needs Help),ตัดสินใจแก้ปัญหาเฉพาะหน้าทั่วไปได้ แต่บางกรณียังเลือกวิธีแก้ที่ไม่ตรงจุด ทำให้ต้องกลับมาแก้งานซ้ำ (Below Average),วิเคราะห์สถานการณ์และตัดสินใจแก้ปัญหาเฉพาะหน้าได้อย่างถูกต้องตามระเบียบ ช่วยให้งานหน้างานเดินหน้าต่อได้ราบรื่น (Standard),แก้ไขปัญหาเฉพาะหน้าได้อย่างเฉียบคม จัดการสถานการณ์ติดขัดได้อย่างรวดเร็วและป้องกันผลกระทบข้างเคียงได้ดีเยี่ยม (Good),กล้าตัดสินใจแก้ปัญหาเฉพาะหน้าในเคสที่มีความเสี่ยงสูง วิเคราะห์ทางเลือกและควบคุมความเสียหายได้ดี (Advanced),ระงับเหตุฉุกเฉินและตัดสินใจแก้ปัญหาเร่งด่วนในระดับโครงการได้อย่างถูกต้องตามกรอบอำนาจ (Expert),ตัดสินใจแก้ไขปัญหาข้อพิพาทหรือวิกฤตที่ซับซ้อนหลายฝ่าย ให้ได้ข้อยุติที่เป็นธรรมและรักษาผลประโยชน์ของบริษัท (Mastery),วางแนวทางและมาตรการตัดสินใจรองรับวิกฤตระดับองค์กร เพื่อให้ทุกโครงการใช้เป็นแนวทางปฏิบัติร่วมกัน (Legendary)
,,"การควบคุมผู้ปฏิบัติงานและผลลัพธ์
(Supervision & Result Control)",ไม่สามารถควบคุมดูแลผู้ปฏิบัติงานหรือผู้รับเหมาได้ ส่งผลให้งานไม่ได้คุณภาพและไม่เป็นไปตามมาตรฐาน (Crisis),ควบคุมงานและสั่งการได้ไม่ชัดเจน ขาดการติดตามผลงานอย่างต่อเนื่อง ทำให้ผลงานหน้างานต่ำกว่าเกณฑ์มาตรฐานบ่อยครั้ง (Poor),ควบคุมงานและประสานงานหน้างานได้ในระดับพื้นฐาน แต่ยังต้องพึ่งพาหัวหน้าเข้าช่วยจัดการเมื่อเกิดข้อติดขัด (Needs Help),ควบคุมและประสานงานผู้ปฏิบัติงานได้ในสถานการณ์ปกติ แต่ยังควบคุมมาตรฐานได้ไม่นิ่งเมื่อเจองานเร่งด่วนหรือผู้รับเหมาหลายกลุ่ม (Below Average),ควบคุม ดูแล และตรวจรับงานผู้ปฏิบัติงานหรือผู้รับเหมาหน้างานได้อย่างเป็นระเบียบ เป็นไปตามข้อตกลงและสเปกของโครงการ (Standard),บริหารจัดการและผลักดันทีมงานหน้างานได้อย่างมีประสิทธิภาพ ตรวจสอบงานอย่างรัดกุมและสร้างความร่วมมือที่ดีกับผู้ปฏิบัติงาน (Good),ควบคุมผู้รับเหมาและคนงานหลายทีมในพื้นที่เดียวกัน ให้ส่งมอบงานได้ตามสเปกและเวลาที่กำหนด (Advanced),บริหารจัดการและผลักดันผู้รับเหมาให้อยู่ในระเบียบวินัย ตรวจรับงานละเอียดเข้มงวดตามมาตรฐานโครงการ (Expert),บริหารจัดการเครือข่ายผู้รับเหมาและประเมินผลงานระดับกลุ่มโครงการ เพื่อยกระดับขีดความสามารถการส่งมอบงาน (Mastery),พัฒนามาตรฐานการควบคุมงานและระบบบริหารผู้รับเหมาระดับบริษัท ที่ลดปัญหาการทิ้งงานและงานไม่ได้มาตรฐานได้อย่างยั่งยืน (Legendary)
"AGI
ความรวดเร็วและการปรับตัว","The Precision Engine
(AGI (Agility))","ความรวดเร็วในการตอบสนอง
(Responsiveness)",เพิกเฉยต่อการรับแจ้งงาน ไม่ตอบสนองต่อคำขอหรือปัญหาหน้างานจนเกิดความเสียหายต่อระยะเวลามาตรฐาน (Crisis),ตอบสนองและรับงานล่าช้ากว่าเกณฑ์ SLA บ่อยครั้ง ต้องได้รับการทวงถามและติดตามงานซ้ำๆ (Poor),ตอบสนองต่อการแจ้งงานได้ตามขั้นตอน แต่ยังใช้เวลาในการประสานงานและส่งต่องานช้ากว่าเกณฑ์ปกติ (Needs Help),ตอบสนองต่อการรับแจ้งงานได้ตามมาตรฐานเป็นส่วนใหญ่ แต่อาจมีความล่าช้าเมื่อมีงานเข้ามาพร้อมกันหลายงาน (Below Average),ตอบสนองและประสานงานรับแจ้งซ่อมรวดเร็วตามกรอบเวลามาตรฐาน SLA สื่อสารความคืบหน้าให้ผู้เกี่ยวข้องทราบสม่ำเสมอ (Standard),ตอบสนองต่อคำขอและประสานงานอย่างฉับไว มีการเตรียมข้อมูลล่วงหน้าทำให้ดำเนินการได้เร็วกว่ากรอบเวลาเฉลี่ย (Good),ดำเนินการตอบสนองอย่างรวดเร็ว คาดการณ์ข้อมูลที่เกี่ยวข้องและเตรียมพร้อมชี้แจงได้ทันที (Advanced),ประสานงานระงับเหตุและกระจายงานแก้ไขปัญหาเร่งด่วนในโครงการได้อย่างรวดเร็ว ไร้ความล่าช้า (Expert),จัดการโฟลว์การตอบสนองงานซ่อมในระบบได้อย่างมีประสิทธิภาพสูง ตัดขั้นตอนคอขวดทำให้ระยะเวลารอคอยลดลงชัดเจน (Mastery),เป็นต้นแบบด้านความรวดเร็วและการตรงต่อเวลา วางระบบการแจ้งเตือนและการส่งต่องานที่เป็นมาตรฐานรวดเร็วที่สุดขององค์กร (Legendary)
,,"การปรับตัวรับมือความเปลี่ยนแปลง
(Adaptability)",ไม่ยอมรับขั้นตอนหรือแนวทางการทำงานใหม่ ยึดติดกับรูปแบบเดิมจนส่งผลกระทบต่อการปรับปรุงระบบงาน (Crisis),ปรับตัวเข้ากับนโยบายหรือเครื่องมือใหม่ได้ช้า เกิดข้อผิดพลาดบ่อยครั้งเมื่อต้องเปลี่ยนขั้นตอนการทำงาน (Poor),ปฏิบัติตามขั้นตอนหรือแนวทางใหม่ได้เมื่อได้รับการฝึกอบรม แต่ยังต้องใช้เวลาปรับความคุ้นเคยและต้องการคำแนะนำซ้ำ (Needs Help),ปรับตัวเข้ากับการเปลี่ยนแปลงแผนงานหรือขั้นตอนใหม่ได้ แต่ยังมีความกังวลหรือการทำงานสะดุดในช่วงแรก (Below Average),ปรับตัวรับมือกับแผนงาน ปัญหาหน้างาน หรือขั้นตอนการทำงานใหม่ๆ ได้อย่างราบรื่น ปฏิบัติงานต่อเนื่องได้โดยไม่กระทบผลลัพธ์ (Standard),มีความยืดหยุ่นสูง พร้อมรับความเปลี่ยนแปลงอย่างกระตือรือร้น และสามารถช่วยแนะนำเพื่อนร่วมทีมให้ปรับตัวตามกระบวนการใหม่ได้ (Good),ปรับตัวเข้ากับแผนงาน นโยบาย หรือขั้นตอนการทำงานใหม่ๆ ได้อย่างรวดเร็วและไม่สะดุด (Advanced),ช่วยเหลือและนำพาทีมงานให้ปรับตัวตามเป้าหมายใหม่ หรือรับมือกับสถานการณ์หน้างานที่ไม่เป็นไปตามแผนได้ราบรื่น (Expert),บริหารจัดการความเปลี่ยนแปลง (Change Management) ในระดับสายงาน สื่อสารและขับเคลื่อนให้ทีมงานยอมรับระบบใหม่ (Mastery),เป็นแกนนำในการขับเคลื่อนการเปลี่ยนแปลงเชิงวัฒนธรรมการทำงานขององค์กร สร้างความพร้อมรับมือสิ่งใหม่ในระยะยาว (Legendary)
,,"การเข้าถึงพื้นที่และการลงมือปฏิบัติ
(Field Agility & Action)",หลีกเลี่ยงการลงพื้นที่หน้างาน ขาดการตรวจสอบสภาพความเป็นจริงจนนำไปสู่การประเมินงานผิดพลาด (Crisis),เข้าตรวจสอบพื้นที่หน้างานน้อย ขาดความเข้าใจสภาพกายภาพจริงของโครงการ ทำให้วางแผนแก้ไขงานได้ไม่ตรงจุด (Poor),ลงพื้นที่สำรวจหน้างานตามคำสั่ง แต่ยังเก็บข้อมูลรายละเอียดและสภาพปัญหาหน้างานได้ไม่ครบถ้วน (Needs Help),ลงพื้นที่ตรวจสอบหน้างานตามรอบ แต่บางครั้งการสำรวจและบันทึกข้อมูลสภาพจริงยังไม่ครบถ้วน ต้องลงพื้นที่ซ้ำ (Below Average),เข้าถึงพื้นที่หน้างานอย่างสม่ำเสมอ ตรวจสอบสภาพทางกายภาพและเก็บข้อมูลหน้างานจริงได้ถูกต้องตามระเบียบ (Standard),เข้าถึงหน้างานจริงได้อย่างรวดเร็ว สำรวจสภาพกายภาพอย่างละเอียดรอบด้าน มองเห็นปัญหาเชิงรุกและประสานการแก้ไขได้ทันที (Good),เข้าถึงจุดเกิดเหตุหน้างานได้ทันทีที่ได้รับแจ้ง สำรวจและประเมินสภาพความเป็นจริงได้อย่างถูกต้องครบถ้วน (Advanced),จัดการปัญหาที่หน้างานได้เบ็ดเสร็จ ประสานหน้างานจริงกับลูกบ้านและช่างจนจบงานได้โดยไม่ต้องรอส่งเรื่องกลับออฟฟิศ (Expert),เชี่ยวชาญกายภาพทุกพื้นที่ในโครงการและรอบโครงการ สามารถวางแผนการเข้าซ่อมแซมจุดยากหรือจุดอ่อนไหวได้อย่างรัดกุม (Mastery),วางผังและแนวทางการเข้าปฏิบัติการภาคสนามที่ปลอดภัยและมีประสิทธิภาพสูงสุด เพื่อให้ทุกโครงการนำไปเป็นแบบอย่าง (Legendary)
"DEX
ความแม่นยำและมาตรฐานคุณภาพ","The Precision Engine
(DEX (Dexterity))","ความถูกต้องแม่นยำของข้อมูลและเอกสาร
(Data Accuracy&Document)",บันทึกข้อมูลคลาดเคลื่อนร้ายแรง ละเลยรายละเอียดสำคัญจนส่งผลกระทบต่อความถูกต้องของระบบและรายงาน (Crisis),บันทึกข้อมูลไม่ครบถ้วนหรือมีข้อผิดพลาดบ่อยครั้ง ต้องส่งกลับมาให้แก้ไขรายละเอียดซ้ำๆ (Poor),บันทึกข้อมูลพื้นฐานได้ถูกต้อง แต่ยังต้องมีผู้ช่วยตรวจทานเพื่อป้องกันข้อผิดพลาดในรายละเอียดเชิงลึก (Needs Help),ข้อมูลและเอกสารส่วนใหญ่ถูกต้อง แต่ยังมีจุดผิดพลาดเล็กน้อยที่ต้องส่งกลับมาแก้ไขเพิ่มเติม (Below Average),บันทึกข้อมูลและจัดทำเอกสารได้ถูกต้อง ครบถ้วนตามมาตรฐาน โปร่งใสและตรวจสอบได้ (Standard),ข้อมูลและเอกสารมีความถูกต้องแม่นยำสูง ตรวจทานรายละเอียดอย่างประณีตก่อนส่งต่อ แทบไม่พบข้อผิดพลาด (Good),บันทึกข้อมูลและเอกสารถูกต้องครบถ้วน ตรวจพบข้อผิดพลาดหรือความคลาดเคลื่อนในรายละเอียดที่ซับซ้อนได้แม่นยำ (Advanced),สอบทานความถูกต้องของรายงานและข้อมูลของทีมงานได้ถี่ถ้วน ชี้แนะแนวทางแก้ไขป้องกันข้อมูลผิดพลาดได้อย่างมืออาชีพ (Expert),วางระบบการตรวจสอบและจัดเก็บข้อมูลสำคัญในโครงการให้ถูกต้อง เชื่อมโยงกับระบบส่วนกลางได้อย่างสมบูรณ์ (Mastery),กำหนดเกณฑ์และแบบฟอร์มมาตรฐานข้อมูลด้านสาธารณูปโภคที่ใช้ในระดับองค์กร ยึดหลักความถูกต้อง โปร่งใส และตรวจสอบได้ 100% (Legendary)
,,"การบริหารเวลา
(Time Management)",ขาดการวางแผนเวลาอย่างสิ้นเชิง ส่งมอบงานล่าช้าสะสมต่อเนื่องจนกระทบต่อแผนงานภาพรวม (Crisis),จัดลำดับความสำคัญของงานไม่เหมาะสม ส่งมอบงานเกินกำหนดเวลาบ่อยครั้ง ไม่สามารถประเมินเวลาทำงานได้แม่นยำ (Poor),ส่งมอบงานได้ตามกำหนดเมื่อมีผู้ช่วยจัดคิวงานให้ แต่ยังจัดการเวลาด้วยตนเองได้ไม่คล่องเมื่อมีภาระงานหลายชิ้น (Needs Help),ส่งมอบงานทันกำหนดเป็นส่วนใหญ่ แต่อาจทำงานเสร็จกระชั้นชิดเส้นตายเมื่องานมีปริมาณมาก (Below Average),วางแผนการทำงานและจัดสรรเวลาของตนเองได้ดี ส่งมอบงานตรงตามกำหนดเวลามาตรฐานอย่างสม่ำเสมอ (Standard),บริหารเวลาได้อย่างยอดเยี่ยม จัดลำดับความสำคัญของภาระงานได้อย่างมีประสิทธิภาพ สามารถปิดงานได้ก่อนกำหนดเวลาเสมอ (Good),จัดการเวลาทำงานหลายงานพร้อมกันได้มีประสิทธิภาพ ส่งมอบงานตรงตามนัดหมายโดยไม่มีงานตกหล่น (Advanced),วางแผนและจัดสรรไทม์ไลน์งานซ่อมแซมที่ซับซ้อนให้แก่ทีมและผู้รับเหมา ควบคุมงานให้เสร็จตามกรอบเวลา (Expert),เพิ่มประสิทธิภาพกระบวนการทำงาน ลดระยะเวลาสูญเปล่า (Downtime) ของการซ่อมแซมส่วนกลางในภาพรวมได้อย่างมีนัยสำคัญ (Mastery),ออกแบบเกณฑ์เวลามาตรฐาน (Standard SLA) ของการบริการงานสาธารณูปโภคที่เพิ่มความรวดเร็วและคุ้มค่าสูงสุดในระดับองค์กร (Legendary)
,,"การตรวจสอบมาตรฐานและการควบคุมคุณภาพ
(Quality Control)",ละเลยการตรวจสอบคุณภาพงาน ปล่อยผ่านงานที่ไม่ได้มาตรฐานจนก่อให้เกิดความเสียหายต่อทรัพย์สินหรือความปลอดภัย (Crisis),ตรวจสอบงานไม่ละเอียด มองข้ามจุดบกพร่องที่เห็นได้ชัด ทำให้คุณภาพงานส่งมอบต่ำกว่ามาตรฐานที่กำหนด (Poor),ตรวจสอบงานตามรายการ Check-list พื้นฐานได้ แต่ยังขาดความเชี่ยวชาญในการสังเกตข้อบกพร่องที่อยู่นอกเหนือรายการ (Needs Help),ตรวจพบปัญหาและข้อบกพร่องทั่วไปได้ แต่อาจละเลยจุดที่ต้องใช้การตรวจสอบเชิงลึก (Below Average),ควบคุมและตรวจสอบคุณภาพงานซ่อมแซมได้ตามมาตรฐานที่บริษัทและลูกบ้านยอมรับได้ ตรวจสอบความเรียบร้อยครบถ้วน (Standard),ตรวจสอบคุณภาพงานอย่างละเอียดถี่ถ้วน ตรวจพบจุดบกพร่องเชิงเทคนิคที่มองเห็นได้ยาก และไม่ปล่อยผ่านงานที่ไม่ได้มาตรฐาน (Good),ตรวจสอบคุณภาพงานอย่างเข้มงวด ชี้จุดบกพร่องและข้อต่อที่มีผลต่ออายุการใช้งานระยะยาวได้อย่างแม่นยำ (Advanced),พัฒนาเกณฑ์การตรวจรับงานและ Checklist ใหม่ๆ ในโครงการ ที่ช่วยลดข้อบกพร่องซ้ำซากได้อย่างเป็นรูปธรรม (Expert),นำสถิติ Defect มาวิเคราะห์สาเหตุเชิงลึก วางมาตรการควบคุมคุณภาพเชิงป้องกันในระดับกลุ่มโครงการ (Mastery),กำหนดคู่มือมาตรฐานคุณภาพงานส่งมอบส่วนกลางของบริษัท ที่ยกระดับภาพลักษณ์และความเชื่อมั่นของลูกค้าอย่างยั่งยืน (Legendary)
"INT
ระบบเทคโนโลยีและการจัดการ","The Mastermind
(INT (Intelligence))","การใช้เครื่องมือและระบบพื้นฐาน
(Basic Tool Proficiency)",ขาดทักษะในการใช้งานระบบสารสนเทศและเครื่องมือดิจิทัลพื้นฐาน ไม่สามารถบันทึกหรือดึงข้อมูลการทำงานของบริษัทได้ (Crisis),ใช้งานระบบและอุปกรณ์ดิจิทัลไม่คล่อง บันทึกข้อมูลล่าช้าและผิดพลาดบ่อย ต้องพึ่งพาผู้อื่นช่วยทำรายการ (Poor),ใช้งานฟังก์ชันพื้นฐานของระบบที่ได้รับการฝึกอบรมได้ แต่ยังสับสนเมื่อหน้าจอหรือรูปแบบการทำงานมีการเปลี่ยนแปลงเล็กน้อย (Needs Help),ใช้งานระบบสารสนเทศและเครื่องมือดิจิทัลพื้นฐานได้ แต่อาจบันทึกข้อมูลช้าหรือไม่คุ้นเคยกับฟังก์ชันเสริมบางส่วน (Below Average),"ใช้เครื่องมือและระบบงานพื้นฐาน (เช่น ERP, Taskflow, Excel, Google Workspace) ได้คล่องแคล่วและถูกต้องตามขั้นตอน (Standard)",ใช้งานระบบและเครื่องมือดิจิทัลได้อย่างชำนาญ บันทึกข้อมูลรวดเร็วแม่นยำ รู้จักใช้คีย์ลัดและฟีเจอร์ช่วยอำนวยความสะดวก (Good),"ใช้งานโปรแกรมและระบบงาน (เช่น Taskflow, Excel) ได้คล่องแคล่ว ใช้ฟังก์ชันขั้นสูงช่วยให้การทำงานเร็วขึ้น (Advanced)",เป็นพี่เลี้ยงสอนการใช้งานระบบให้แก่ทีมงาน แก้ไขปัญหาการบันทึกข้อมูลและขัดข้องเบื้องต้นของระบบในโครงการได้ (Expert),ปรับปรุงและแนะนำฟังก์ชันการใช้งานระบบใหม่ๆ แก่สายงาน เพื่อลดขั้นตอนการกรอกข้อมูลและเพิ่มความแม่นยำ (Mastery),ร่วมทดสอบและให้ข้อเสนอแนะในการพัฒนาระบบเทคโนโลยีสารสนเทศของบริษัท เพื่อให้ตอบโจทย์การใช้งานจริงหน้างาน (Legendary)
,,"การออกแบบระบบและกระบวนการทำงาน
(Workflow Optimization)",ปฏิบัติงานอย่างไร้ระเบียบแบบแผน ลัดขั้นตอนสำคัญจนส่งผลให้เกิดความสับสนและอุปสรรคต่อผู้ร่วมงาน (Crisis),ทำงานซ้ำซ้อน ขาดการจัดระเบียบเอกสารและข้อมูล ส่งผลให้กระบวนการทำงานล่าช้าและเกิดคอขวด (Poor),ทำงานตามขั้นตอนมาตรฐานที่กำหนดไว้อย่างเคร่งครัด แต่ยังไม่สามารถปรับขั้นตอนการทำงานส่วนตัวให้กระชับหรือรวดเร็วขึ้นได้ (Needs Help),จัดระเบียบขั้นตอนการทำงานของตนเองได้พอสมควร แต่ยังมีบางขั้นตอนที่ล่าช้าหรือการส่งต่องานยังไม่ราบรื่น (Below Average),จัดลำดับขั้นตอนการทำงาน คิวงาน และเอกสารได้อย่างเป็นระบบ ช่วยให้กระบวนการทำงานต่อเนื่องและไม่สะดุด (Standard),ออกแบบและจัดโฟลว์การทำงานส่วนบุคคลได้อย่างกระชับ ลดขั้นตอนการทำงานที่ซ้ำซ้อน ทำให้ผลงานสำเร็จได้เร็วขึ้นชัดเจน (Good),มองเห็นปัญหาคอขวดในกระบวนการทำงาน สามารถเสนอแนวทางปรับขั้นตอนงานในหน้าที่ให้กระชับขึ้นได้ (Advanced),เชื่อมประสานงานระหว่างฝ่ายช่าง นิติบุคคล และผู้รับเหมา ออกแบบโฟลว์การทำงานร่วมกันที่ลดความซ้ำซ้อนในโครงการ (Expert),ปรับจูนกระบวนการทำงาน (Lean Workflow) ในระดับสายงาน วิเคราะห์ข้อมูลเพื่อขจัดขั้นตอนที่ไม่จำเป็นและลดต้นทุน (Mastery),ออกแบบกระบวนการทำงานมาตรฐาน (Standard Operating Procedure: SOP) ที่ประกาศใช้ทั่วทั้งองค์กรได้อย่างมีประสิทธิภาพ (Legendary)
,,"การประยุกต์ใช้เทคโนโลยีขั้นสูง
(Advanced Automation)",ขาดความสนใจในการเรียนรู้เทคโนโลยีใหม่ ละเลยการนำเครื่องมือดิจิทัลที่บริษัทกำหนดมาใช้ในงานประจำ (Crisis),ยังขาดความเข้าใจในประโยชน์ของเทคโนโลยีและเครื่องมือใหม่ ทำให้ยังทำงานด้วยวิธีดั้งเดิมที่ใช้เวลาและแรงงานสูง (Poor),มีความตั้งใจและสนใจเปิดรับเทคโนโลยีใหม่ แต่ยังต้องการการฝึกอบรมและคำแนะนำอย่างใกล้ชิดในการเริ่มใช้งานจริง (Needs Help),เริ่มนำฟังก์ชันหรือเครื่องมือดิจิทัลใหม่ๆ มาช่วยงาน แต่อาจยังต้องศึกษาเพิ่มเติมเพื่อใช้งานให้ถูกต้องและเต็มประสิทธิภาพ (Below Average),เปิดรับข้อมูลเทคโนโลยีใหม่ และสามารถนำเครื่องมือดิจิทัลมาประยุกต์ใช้ทุ่นแรงในงานประจำวันได้อย่างเหมาะสม (Standard),นำฟีเจอร์ขั้นสูง เครื่องมืออัตโนมัติ หรือแอปพลิเคชันดิจิทัลมาช่วยทำรายงานและติดตามงานได้อย่างมีประสิทธิภาพสูง (Good),ประยุกต์ใช้เครื่องมือดิจิทัลหรือเทมเพลตอัตโนมัติในการลดการทำงานเอกสารซ้ำซากในหน้าที่ (Advanced),พัฒนาระบบรายงาน หรือระบบแจ้งเตือนอัตโนมัติภายในโครงการ ช่วยให้ทีมติดตามสถานะงานได้แบบเรียลไทม์ (Expert),"นำเครื่องมือเทคโนโลยียุคใหม่ (เช่น Data Dashboard, Smart Form) มาปรับใช้จริงในสายงาน ช่วยเพิ่มความโปร่งใสและแม่นยำ (Mastery)",ริเริ่มและผลักดันการนำนวัตกรรมดิจิทัลมาใช้เป็นระบบหลักในการบริหารสาธารณูปโภคขององค์กร (Legendary)
"CON
ความทรหดและการควบคุมอารมณ์","The Heavy Lifters
(CON (Constitution))","ความอดทนต่อสภาวะกดดัน
(Stress Tolerance)",ไม่สามารถรับมือกับสภาวะกดดันได้ ละทิ้งหน้าที่หรือไม่สามารถปฏิบัติงานต่อเมื่อเผชิญสถานการณ์ตึงเครียด (Crisis),ประสิทธิภาพในการทำงานลดลงอย่างชัดเจนเมื่อมีแรงกดดัน แสดงความวิตกกังวลหรือหงุดหงิดจนกระทบต่อบรรยากาศการทำงาน (Poor),ปฏิบัติงานในสภาวะกดดันระดับทั่วไปได้ แต่ยังต้องการคำปรึกษาและกำลังใจจากหัวหน้าเมื่อเผชิญแรงกดดันสูงจากผู้มีส่วนได้ส่วนเสีย (Needs Help),ควบคุมอารมณ์และสมาธิได้พอสมควร แต่อาจมีประสิทธิภาพงานลดลงบ้างเมื่อเผชิญสถานการณ์กดดันต่อเนื่อง (Below Average),อดทนต่อความกดดันและข้อเรียกร้องได้ดี สามารถรักษาความสงบและมีสมาธิปฏิบัติงานต่อได้ตามมาตรฐาน (Standard),มีความมั่นคงทางอารมณ์สูงมาก นิ่งสงบในสถานการณ์ตึงเครียดหรือเผชิญข้อร้องเรียน และควบคุมผลงานได้ดีเยี่ยม (Good),ควบคุมสติและสมาธิได้ดี ปฏิบัติงานได้ถูกต้องต่อเนื่องแม้เผชิญแรงกดดันสูงจากเวลาหรือข้อร้องเรียน (Advanced),รับมือกับสถานการณ์วิกฤตหรือความขัดแย้งรุนแรงในโครงการได้สงบนิ่ง รักษาคุณภาพงานและมาตรฐานได้ไม่ตกหล่น (Expert),เป็นที่พึ่งทางใจและช่วยบริหารจัดการบรรยากาศของทีมในภาวะวิกฤต ช่วยประคับประคองทีมให้ผ่านพ้นงานยากได้ (Mastery),เป็นต้นแบบด้านวุฒิภาวะและความมั่นคงทางอารมณ์ขององค์กร สามารถนำพาทีมงานข้ามผ่านวิกฤตใหญ่ได้อย่างมีเสถียรภาพ (Legendary)
,,"ความรับผิดชอบต่องานยืดเยื้อ
(Stamina in Protracted Tasks)",ขาดความต่อเนื่องในการติดตามงาน ละทิ้งภารกิจหรือโครงการระยะยาวกลางคันจนงานไม่บรรลุเป้าหมาย (Crisis),ความละเอียดและความกระตือรือร้นลดลงอย่างรวดเร็วเมื่องานยืดเยื้อ ทำงานส่วนท้ายไม่เรียบร้อยตามมาตรฐาน (Poor),สามารถติดตามงานระยะยาวได้จนจบเมื่อมีการกระตุ้นเตือนเป็นระยะ แต่ยังขาดการวางจังหวะการทำงานต่อเนื่องด้วยตนเอง (Needs Help),รับผิดชอบงานระยะยาวจนสำเร็จได้ แต่ในขั้นตอนท้ายๆ อาจต้องได้รับการกระตุ้นเพื่อรักษามาตรฐานงาน (Below Average),มีความสม่ำเสมอในการเกาะติดและรับผิดชอบโครงการหรืองานซ่อมที่ต้องใช้เวลาต่อเนื่องจนสำเร็จลุล่วง (Standard),รักษาความกระตือรือร้นและมาตรฐานความประณีตได้อย่างยอดเยี่ยมตลอดระยะเวลาของโครงการ แม้เป็นงานที่กินเวลายาวนาน (Good),เกาะติดและติดตามงานซ่อมแซมที่เรื้อรังหรือใช้เวลายาวนานอย่างต่อเนื่อง ไม่ละเลยจนกว่างานจะจบสมบูรณ์ (Advanced),เข้ามารับช่วงต่อและแก้ไขปัญหายืดเยื้อที่ค้างท่อในโครงการ วางแผนจัดการใหม่จนสามารถปิดจบเคสได้สำเร็จ (Expert),ขับเคลื่อนภารกิจปรับปรุงโครงสร้างพื้นฐานระยะยาวของสายงานที่มีความซับซ้อน ให้บรรลุผลสำเร็จตามแผนยุทธศาสตร์ (Mastery),แก้ไขปัญหาสาธารณูปโภคเชิงโครงสร้างที่สะสมมานานขององค์กรได้อย่างถาวร ยุติปัญหาเรื้อรังในภาพรวมได้อย่างยั่งยืน (Legendary)
,,"ความทรหดและไม่ยอมแพ้ต่องานยาก
(Grit & Perseverance)",ปฏิเสธภารกิจที่มีความยากหรืองานที่มีอุปสรรค ขาดความมุ่งมั่นในการพยายามค้นหาทางออกของปัญหา (Crisis),ถอดใจและยอมแพ้อย่างรวดเร็วเมื่อเผชิญอุปสรรคแรก มักหยุดการดำเนินการและรอให้ผู้อื่นเข้ามาแก้ไขแทน (Poor),พยายามแก้ไขปัญหาเบื้องต้นด้วยตนเอง แต่หากเจอปัญหาติดขัดซ้ำยังขาดแนวทางจัดการต่อ ต้องขอความช่วยเหลือจากทีม (Needs Help),มีความพยายามในการรับมือกับงานยาก แต่อาจชะลอการดำเนินการเมื่องานพบอุปสรรคซ้ำซ้อนและต้องการคำแนะนำเพิ่มเติม (Below Average),มีความมุ่งมั่น ทรหด พร้อมลุยงานยากหรืองานที่มีความซับซ้อนให้บรรลุเป้าหมายตามที่ได้รับมอบหมาย (Standard),ไม่ย่อท้อต่ออุปสรรค พยายามค้นคว้าและหาวิธีการใหม่ๆ มาจัดการกับงานยากหรือปัญหาติดขัดจนสำเร็จลุล่วงได้อย่างยอดเยี่ยม (Good),อาสาและมุ่งมั่นรับผิดชอบงานยากที่คนอื่นหลีกเลี่ยง พยายามค้นหาวิธีการแก้ปัญหาจนงานสำเร็จลุล่วง (Advanced),พลิกฟื้นเคสงานที่มีอุปสรรคสูงในโครงการให้กลับมาเป็นผลงานที่สำเร็จ ด้วยความมุ่งมั่นและทักษะเชิงลึก (Expert),ยืนหยัดและสร้างขวัญกำลังใจให้ทีมงานไม่ย่อท้อ ร่วมกันฟันฝ่าเป้าหมายที่ท้าทายระดับสายงานจนสัมฤทธิ์ผล (Mastery),เป็นสัญลักษณ์แห่งความมุ่งมั่นทุ่มเทขององค์กร สร้างผลงานที่ก้าวข้ามข้อจำกัดเดิมๆ และสร้างแรงบันดาลใจให้คนทั้งบริษัท (Legendary)
"SEN
การเจรจาและความเข้าใจผู้คน","The Empathizers
(SEN (Sense))","การควบคุมอารมณ์และบุคลิกภาพ
(Emotional Control)",แสดงอารมณ์ที่ไม่เหมาะสม ใช้คำพูดหรือพฤติกรรมก้าวร้าวต่อลูกบ้าน เพื่อนร่วมงาน หรือผู้รับเหมา (Crisis),ควบคุมอารมณ์ได้ไม่ดี แสดงออกทางสีหน้าและน้ำเสียงเชิงลบเมื่อไม่พอใจ ทำให้สูญเสียภาพลักษณ์ความเป็นมืออาชีพ (Poor),ควบคุมอารมณ์ได้ในระดับที่ยอมรับได้ แต่ยังแสดงความกังวลหรือตึงเครียดผ่านภาษากายเมื่อเผชิญข้อโต้แย้ง (Needs Help),ควบคุมอารมณ์ได้ดีในสถานการณ์ทั่วไป แต่อาจแสดงความตึงเครียดผ่านสีหน้าหรือน้ำเสียงบ้างเมื่อเผชิญการโต้แย้ง (Below Average),ควบคุมอารมณ์และบุคลิกภาพได้ดี รักษาความสุภาพและภาพลักษณ์ความเป็นมืออาชีพได้เสมอ (Standard),มีวุฒิภาวะทางอารมณ์สูง สามารถตอบสนองด้วยความสุภาพ อ่อนโยน และสุขุม แม้อยู่ในสถานการณ์ที่คู่สนทนามีอารมณ์ร้อน (Good),รักษาความสุภาพและบุคลิกภาพมืออาชีพได้อย่างดีเยี่ยม แม้ต้องรับมือกับลูกบ้านหรือคู่สนทนาที่อารมณ์เกรี้ยวกราด (Advanced),เป็นตัวแทนโครงการในการเจรจาสถานการณ์ตึงเครียด รักษาภาพลักษณ์ที่ดีของบริษัทและไม่ตกเป็นเหยื่อของการยั่วยุ (Expert),มีวุฒิภาวะสูง สามารถคลี่คลายบรรยากาศตึงเครียดในการประชุมหรือการเจรจาหลายฝ่าย ช่วยให้ทุกฝ่ายกลับมาพูดคุยด้วยเหตุผล (Mastery),เป็นต้นแบบด้านการควบคุมอารมณ์และวุฒิภาวะผู้นำสูงสุดขององค์กร สามารถเจรจาระงับข้อพิพาทร้ายแรงได้อย่างสุขุม (Legendary)
,,"ความเข้าใจผู้คนและการบริการ
(Empathy & Perspective Taking)",ขาดจิตสำนึกด้านการบริการ ไม่รับฟังความเดือดร้อนของลูกบ้านหรือไม่ใส่ใจผลกระทบที่มีต่อผู้อื่น (Crisis),ให้บริการแบบผิวเผิน ขาดความกระตือรือร้นในการทำความเข้าใจความต้องการหรือปัญหาที่แท้จริงของผู้รับบริการ (Poor),รับฟังข้อร้องเรียนและให้บริการตามขั้นตอนได้ดี แต่ยังต้องพัฒนาทักษะการจับประเด็นความรู้สึกลึกๆ และความคาดหวังของลูกบ้าน (Needs Help),รับฟังและเข้าใจความต้องการของผู้รับบริการได้ระดับหนึ่ง แต่อาจยังยึดตามกรอบมุมมองของตนเองเป็นหลัก (Below Average),มีจิตสำนึกด้านการบริการ (Service Mind) รับฟังและเข้าใจความต้องการหรือความเดือดร้อนของลูกบ้านและทีมงานอย่างจริงใจ (Standard),เข้าใจมุมมองและความกังวลของผู้รับบริการได้อย่างลึกซึ้ง ให้บริการด้วยความใส่ใจและสร้างความประทับใจให้แก่ลูกบ้าน (Good),รับฟังและเข้าใจความกังวลที่แท้จริงของลูกบ้านได้อย่างลึกซึ้ง นำเสนอทางออกที่ตรงจุดและตอบโจทย์ความต้องการ (Advanced),เข้าใจมุมมองที่แตกต่างของลูกบ้าน ช่าง และนิติบุคคล สามารถหาทางออกที่ประนีประนอมและรักษาความรู้สึกของทุกฝ่าย (Expert),พลิกข้อร้องเรียนที่รุนแรงในระดับโครงการให้กลายเป็นความเข้าใจและความไว้วางใจต่อบริการของบริษัท (Mastery),ร่วมกำหนดแนวทางการสร้างประสบการณ์ลูกค้า (Customer Experience) เชิงรุกของบริษัท ที่สร้างความพึงพอใจอย่างยั่งยืน (Legendary)
,,"ศิลปะการสื่อสารและเจรจา
(Communication & Conflict Resolution)",สื่อสารไม่ชัดเจน ใช้วาจาที่ก่อให้เกิดความเข้าใจผิดหรือขยายความขัดแย้งกับผู้มีส่วนได้ส่วนเสีย (Crisis),สื่อสารสับสน ตรงเกินไปจนขาดความนุ่มนวล ไม่สามารถอธิบายเหตุผลหรือข้อจำกัดให้ผู้อื่นเข้าใจได้ราบรื่น (Poor),สื่อสารชี้แจงข้อมูลทางเทคนิคได้ถูกต้อง แต่ยังขาดทักษะการเจรจาประนีประนอมและการโน้มน้าวใจในสถานการณ์ตึงเครียด (Needs Help),สื่อสารได้สุภาพและชัดเจนในประเด็นพื้นฐาน แต่อาจยังขาดความมั่นใจในการเจรจาต่อรองหรือชี้แจงในประเด็นที่ละเอียดอ่อน (Below Average),สื่อสารชัดเจน ตรงประเด็น และมีทักษะการประสานงานที่ดี ช่วยให้การส่งต่องานราบรื่นตามเป้าหมาย (Standard),มีศิลปะในการสื่อสารและการโน้มน้าวใจสูง สามารถไกล่เกลี่ยความเห็นต่างและคลี่คลายข้อพิพาทเบื้องต้นได้อย่างราบรื่น (Good),มีทักษะการเจรจาต่อรองกับผู้รับเหมาหรือลูกบ้านได้อย่างนุ่มนวลและได้ผล ชี้แจงเหตุผลชัดเจนจนได้ข้อสรุปที่ลงตัว (Advanced),ไกล่เกลี่ยข้อพิพาทหรือความเห็นที่ไม่ตรงกันระหว่างลูกบ้านและโครงการได้อย่างเป็นธรรม ได้รับการยอมรับจากทั้งสองฝ่าย (Expert),สื่อสารเจรจาในประเด็นสำคัญเชิงยุทธศาสตร์ระดับกลุ่มโครงการ สร้างความเข้าใจร่วมกันและคลี่คลายข้อพิพาทที่มีความซับซ้อนสูง (Mastery),เป็นตัวแทนสื่อสารหลักขององค์กรในประเด็นวิกฤต สร้างความเชื่อมั่นและความสัมพันธ์ที่ดีระหว่างบริษัทกับชุมชนในระยะยาว (Legendary)